"PMID","Title","Journal","PMC_ID"
40027671,"Investigation of mitochondrial phenotypes in motor neurons derived by direct conversion of fibroblasts from familial ALS subjects.","bioRxiv. 2025 Feb 17;:2025.02.13.637962","PMC11870414"
39796127,"Generation of Bona Fide Human Induced Trophoblast Stem Cells by Direct Reprogramming of Term Umbilical Cord Cells.","Int J Mol Sci. 2024 Dec 31; 26(1):271","PMC11719488"
39617857,"Correction: Expression levels and stoichiometry of Hnf1β, Emx2, Pax8 and Hnf4α influence direct reprogramming of induced renal tubular epithelial cells.","Cell Regen. 2024 Dec 2; 13:27","PMC11609133"
39611044,"Metabolic reprogramming via mitochondrial delivery for enhanced maturation of chemically induced cardiomyocyte-like cells.","MedComm (2020). 2024 Nov 28; 5(12):e70005","PMC11604293"
39578834,"Reprogrammed human lateral ganglionic eminence precursors generate striatal neurons and restore motor function in a rat model of Huntington's disease.","Stem Cell Res Ther. 2024 Nov 22; 15:448","PMC11583420"
39540462,"Age-associated metabolic and epigenetic barriers during direct reprogramming of mouse fibroblasts into induced cardiomyocytes.","Aging Cell. 2024 Nov 14; 24(2):e14371","PMC11822649"
39486406,"Neural crest precursors from the skin are the primary source of directly reprogrammed neurons.","Stem Cell Reports. 2024 Oct 31; 19(11):1620-1634","PMC11589197"
39347883,"Expression levels and stoichiometry of Hnf1β, Emx2, Pax8 and Hnf4 influence direct reprogramming of induced renal tubular epithelial cells.","Cell Regen. 2024 Sep 30; 13:19","PMC11442758"
39279468,"Epigenetic Dynamics in Reprogramming to Dopaminergic Neurons for Parkinson's Disease.","Adv Sci (Weinh). 2024 Sep 16; 11(41):2403105","PMC11538697"
39272980,"Comparing Viral Vectors and Fate Mapping Approaches for Astrocyte-to-Neuron Reprogramming in the Injured Mouse Cerebral Cortex.","Cells. 2024 Aug 23; 13(17):1408","PMC11394536"
39236715,"3D model for human glia conversion into subtype-specific neurons, including dopamine neurons.","Cell Rep Methods. 2024 Sep 4; 4(9):100845","PMC11440053"
39227632,"Suppression of PTBP1 in hippocampal astrocytes promotes neurogenesis and ameliorates recognition memory in mice with cerebral ischemia.","Sci Rep. 2024 Sep 3; 14:20521","PMC11372044"
39185458,"Modeling APOE ε4 familial Alzheimer's disease in directly converted 3D brain organoids.","Front Aging Neurosci. 2024 Aug 9; 16:1435445","PMC11341472"
39068473,"Decoding single-cell molecular mechanisms in astrocyte-to-iN reprogramming via Ngn2- and Pax6-mediated direct lineage switching.","Eur J Med Res. 2024 Jul 27; 29:390","PMC11282629"
39014391,"In vivo neural regeneration via AAV-NeuroD1 gene delivery to astrocytes in neonatal hypoxic-ischemic brain injury.","Inflamm Regen. 2024 Jul 16; 44:33","PMC11253351"
38961086,"Generation of functional neurons from adult human mucosal olfactory ensheathing glia by direct lineage conversion.","Cell Death Dis. 2024 Jul 3; 15(7):478","PMC11222439"
38891029,"Reprogramming Glioblastoma Cells into Non-Cancerous Neuronal Cells as a Novel Anti-Cancer Strategy.","Cells. 2024 May 23; 13(11):897","PMC11171681"
38755186,"Direct conversion of cardiac fibroblasts into endothelial-like cells using Sox17 and Erg.","Nat Commun. 2024 May 16; 15:4170","PMC11098819"
38693086,"Regulation of cardiac fibroblasts reprogramming into cardiomyocyte-like cells with a cocktail of small molecule compounds.","FEBS Open Bio. 2024 May 1; 14(6):983-1000","PMC11148126"
38530808,"Macrophages suppress cardiac reprogramming of fibroblasts in vivo via IFN-mediated intercellular self-stimulating circuit.","Protein Cell. 2024 Mar 26; 15(12):906-929","PMC11637486"
38520033,"Reprograming skin fibroblasts into Sertoli cells: a patient-specific tool to understand effects of genetic variants on gonadal development.","Biol Sex Differ. 2024 Mar 22; 15:24","PMC10958866"
38513608,"Arabidopsis ribosomal RNA processing meerling mutants exhibit suspensor-derived polyembryony due to direct reprogramming of the suspensor.","Plant Cell. 2024 Mar 21; 36(7):2550-2569","PMC11218825"
38374941,"Corrigendum: Regeneration of the cerebral cortex by direct chemical reprogramming of macrophages into neuronal cells in acute ischemic stroke.","Front Cell Neurosci. 2024 Feb 5; 18:1372045","PMC10874996"
38273708,"DIRECTEUR: transcriptome-based prediction of small molecules that replace transcription factors for direct cell conversion.","Bioinformatics. 2024 Jan 25; 40(2):btae048","PMC10868337"
38229180,"Vitamin C facilitates direct cardiac reprogramming by inhibiting reactive oxygen species.","Stem Cell Res Ther. 2024 Jan 17; 15:19","PMC10792814"
38190040,"Direct Reprogramming of Somatic Skin Cells from a Patient with Huntington's Disease into Striatal Neurons to Create Models of Pathology.","Dokl Biol Sci. 2024 Jan 8; 515(1):15-19","PMC11021267"
38132138,"Exploring the Functional Heterogeneity of Directly Reprogrammed Neural Stem Cell-Derived Neurons via Single-Cell RNA Sequencing.","Cells. 2023 Dec 11; 12(24):2818","PMC10742074"
38102164,"Transcription factor-mediated direct cellular reprogramming yields cell-type specific DNA methylation signature.","Sci Rep. 2023 Dec 15; 13:22317","PMC10724236"
38077004,"Proliferation history and transcription factor levels drive direct conversion.","bioRxiv. 2023 Nov 27;:2023.11.26.568736","PMC10705288"
37996395,"Highly efficient conversion of mouse fibroblasts into functional hepatic cells under chemical induction.","J Mol Cell Biol. 2023 Nov 23; 15(11):mjad071","PMC11121195"
37840130,"Cardiomyocyte precursors generated by direct reprogramming and molecular beacon selection attenuate ventricular remodeling after experimental myocardial infarction.","Stem Cell Res Ther. 2023 Oct 15; 14:296","PMC10577947"
37810261,"Directly reprogrammed fragile X syndrome dorsal forebrain precursor cells generate cortical neurons exhibiting impaired neuronal maturation.","Front Cell Neurosci. 2023 Sep 21; 17:1254412","PMC10552551"
37771785,"Detection of lineage-reprogramming efficiency of tumor cells in a 3D-printed liver-on-a-chip model.","Theranostics. 2023 Sep 4; 13(14):4905-4918","PMC10526656"
37762156,"Transplantation of Chemical Compound-Induced Cells from Human Fibroblasts Improves Locomotor Recovery in a Spinal Cord Injury Rat Model.","Int J Mol Sci. 2023 Sep 8; 24(18):13853","PMC10530737"
37749269,"Single-cell lineage capture across genomic modalities with CellTag-multi reveals fate-specific gene regulatory changes.","Nat Biotechnol. 2024 Sep 25; 42(6):946-959","PMC11180607"
37636590,"Regeneration of the cerebral cortex by direct chemical reprogramming of macrophages into neuronal cells in acute ischemic stroke.","Front Cell Neurosci. 2023 Aug 11; 17:1225504","PMC10457112"
37553383,"Transgene-free direct conversion of murine fibroblasts into functional muscle stem cells.","NPJ Regen Med. 2023 Aug 8; 8:43","PMC10409758"
37540379,"The efficient induction of human retinal ganglion-like cells provides a platform for studying optic neuropathies.","Cell Mol Life Sci. 2023 Aug 4; 80(8):239","PMC10403410"
37377887,"Reprogramming of Tumor-reactive Tumor-infiltrating Lymphocytes to Human-induced Pluripotent Stem Cells.","Cancer Res Commun. 2023 May 25; 3(5):917-932","PMC10211394"
37357983,"Reduction of Intracellular Tension and Cell Adhesion Promotes Open Chromatin Structure and Enhances Cell Reprogramming.","Adv Sci (Weinh). 2023 Jun 26; 10(24):2300152","PMC10460843"
37072803,"A robust reprogramming strategy for generating hepatocyte-like cells usable in pharmaco-toxicological studies.","Stem Cell Res Ther. 2023 Apr 18; 14:94","PMC10114490"
37047770,"Protocol Optimization for Direct Reprogramming of Primary Human Fibroblast into Induced Striatal Neurons.","Int J Mol Sci. 2023 Apr 5; 24(7):6799","PMC10095147"
36964318,"Direct reprogramming of human fibroblasts into insulin-producing cells using transcription factors.","Commun Biol. 2023 Mar 24; 6:256","PMC10039074"
36963393,"A miR-124-mediated post-transcriptional mechanism controlling the cell fate switch of astrocytes to induced neurons.","Stem Cell Reports. 2023 Mar 23; 18(4):915-935","PMC10147664"
36910262,"Small molecules fail to induce direct reprogramming of adult rat olfactory ensheathing glia to mature neurons.","Front Mol Neurosci. 2023 Feb 24; 16:1110356","PMC9998535"
36823979,"Strategic Application of Epigenetic Regulators for Efficient Neuronal Reprogramming of Human Fibroblasts.","Int J Stem Cells. 2023 Feb 28; 16(2):156-167","PMC10226862"
36819108,"Rapid direct conversion of bovine non-adipogenic fibroblasts into adipocyte-like cells by a small-molecule cocktail.","Front Cell Dev Biol. 2023 Feb 2; 11:1020965","PMC9932023"
36642416,"Efficient Generation of Dopaminergic Neurons from Mouse Ventral Midbrain Astrocytes.","Biomol Ther (Seoul). 2023 May 1; 31(3):264-275","PMC10129851"
36611807,"Impact of Mitochondrial A3243G Heteroplasmy on Mitochondrial Bioenergetics and Dynamics of Directly Reprogrammed MELAS Neurons.","Cells. 2022 Dec 21; 12(1):15","PMC9818214"
36584685,"Gene regulatory network reconfiguration in direct lineage reprogramming.","Stem Cell Reports. 2022 Dec 29; 18(1):97-112","PMC9860067"
36575652,"Erratum to: Acceleration of Mesenchymal-to-Epithelial Transition (MET) during Direct Reprogramming Using Natural Compounds.","J Microbiol Biotechnol. 2022 Dec 28; 32(12):1632","PMC9843743"
36499508,"Direct Cardiac Epigenetic Reprogramming through Codelivery of 5'Azacytidine and miR-133a Nanoformulation.","Int J Mol Sci. 2022 Dec 2; 23(23):15179","PMC9739153"
36388958,"Direct reprogramming of cardiomyocytes into cardiac Purkinje-like cells.","iScience. 2022 Oct 20; 25(11):105402","PMC9646947"
36289842,"Direct Reprogramming of Mouse Subchondral Bone Osteoblasts into Chondrocyte-like Cells.","Biomedicines. 2022 Oct 14; 10(10):2582","PMC9599480"
36284363,"APOE ε4-dependent effects on the early amyloid pathology in induced neurons of patients with Alzheimer's disease.","Transl Neurodegener. 2022 Oct 25; 11:45","PMC9594913"
36258029,"Druggable transcriptomic pathways revealed in Parkinson's patient-derived midbrain neurons.","NPJ Parkinsons Dis. 2022 Oct 18; 8:134","PMC9579158"
36253348,"Retraction Note: Senescence impairs direct conversion of human somatic cells to neurons.","Nat Commun. 2022 Oct 17; 13:6122","PMC9576677"
36231108,"Global Transcriptional and Epigenetic Reconfiguration during Chemical Reprogramming of Human Retinal Pigment Epithelial Cells into Photoreceptor-like Cells.","Cells. 2022 Oct 6; 11(19):3146","PMC9564162"
36224763,"Acceleration of Mesenchymal-to-Epithelial Transition (MET) during Direct Reprogramming Using Natural Compounds.","J Microbiol Biotechnol. 2022 Oct 28; 32(10):1245-1252","PMC9668095"
36142199,"Genetic Mechanism Study of Auditory Phoenix Spheres and Transcription Factors Prediction for Direct Reprogramming by Bioinformatics.","Int J Mol Sci. 2022 Sep 7; 23(18):10287","PMC9499413"
36106915,"Probing cell identity hierarchies by fate titration and collision during direct reprogramming.","Mol Syst Biol. 2022 Sep 15; 18(9):e11129","PMC9476893"
36102189,"TBX20 Improves Contractility and Mitochondrial Function During Direct Human Cardiac Reprogramming.","Circulation. 2022 Nov 15; 146(20):1518-1536","PMC9662826"
36096985,"Direct conversion of human umbilical cord mesenchymal stem cells into retinal pigment epithelial cells for treatment of retinal degeneration.","Cell Death Dis. 2022 Sep 12; 13(9):785","PMC9468174"
35887608,"Modeling a Novel Variant of Glycogenosis IXa Using a Clonal Inducible Reprogramming System to Generate ""Diseased"" Hepatocytes for Accurate Diagnosis.","J Pers Med. 2022 Jul 7; 12(7):1111","PMC9322025"
35883684,"Induced Endothelial Cell-Integrated Liver Assembloids Promote Hepatic Maturation and Therapeutic Effect on Cholestatic Liver Fibrosis.","Cells. 2022 Jul 19; 11(14):2242","PMC9317515"
35877103,"Chemical Replacement of Noggin with Dorsomorphin Homolog 1 for Cost-Effective Direct Neuronal Conversion.","Cell Reprogram. 2022 Oct 1; 24(5):304-313","PMC9587801"
35836274,"Cellular direct conversion by cell penetrable OCT4-30Kc19 protein and BMP4 growth factor.","Biomater Res. 2022 Jul 14; 26:33","PMC9281139"
35832093,"NOTCH1 signaling regulates the latent neurogenic program in adult reactive astrocytes after spinal cord injury.","Theranostics. 2022 May 27; 12(10):4548-4563","PMC9254256"
35811849,"Direct reprogramming of adult adipose-derived regenerative cells toward cardiomyocytes using six transcriptional factors.","iScience. 2022 Jun 24; 25(7):104651","PMC9263527"
35750047,"Transcription factor-based direct conversion of human fibroblasts to functional astrocytes.","Stem Cell Reports. 2022 Jun 23; 17(7):1620-1635","PMC9287681"
35705053,"Genetic loss of function of Ptbp1 does not induce glia-to-neuron conversion in retina.","Cell Rep. 2022 Jun 14; 39(11):110849","PMC9619396"
35688153,"Fibroblast fate determination during cardiac reprogramming by remodeling of actin filaments.","Stem Cell Reports. 2022 Jun 9; 17(7):1604-1619","PMC9287671"
35521891,"Direct conversion from long-acting testosterone replacement therapy to Natesto allows for spermatogenesis resumption: Proof of concept.","Andrologia. 2022 Sep 6; 54(8):e14453","PMC9542608"
35457029,"Direct Reprograming of Mouse Fibroblasts into Dermal Papilla Cells via Small Molecules.","Int J Mol Sci. 2022 Apr 11; 23(8):4213","PMC9030401"
35409417,"Direct Reprogramming and Induction of Human Dermal Fibroblasts to Differentiate into iPS-Derived Nucleus Pulposus-like Cells in 3D Culture.","Int J Mol Sci. 2022 Apr 6; 23(7):4059","PMC8999916"
35399519,"Chemical Pretreatment Activated a Plastic State Amenable to Direct Lineage Reprogramming.","Front Cell Dev Biol. 2022 Mar 25; 10:865038","PMC8990889"
35385316,"Integrative molecular roadmap for direct conversion of fibroblasts into myocytes and myogenic progenitor cells.","Sci Adv.; 8(14):eabj4928","PMC8986113"
35373464,"Parkinson's disease motor symptoms rescue by CRISPRa-reprogramming astrocytes into GABAergic neurons.","EMBO Mol Med. 2022 Apr 4; 14(5):e14797","PMC9081909"
35351192,"Small molecules facilitate single factor-mediated sweat gland cell reprogramming.","Mil Med Res. 2022 Mar 29; 9:13","PMC8962256"
35269422,"Cardiac Tissue-like 3D Microenvironment Enhances Route towards Human Fibroblast Direct Reprogramming into Induced Cardiomyocytes by microRNAs.","Cells. 2022 Feb 25; 11(5):800","PMC8909733"
35220676,"Direct Conversion of Human Endothelial Cells Into Liver Cancer-Forming Cells Using Nonintegrative Episomal Vectors.","Hepatol Commun. 2022 Feb 27; 6(7):1725-1740","PMC9234650"
35216271,"Detection of Pathological Markers of Neurodegenerative Diseases following Microfluidic Direct Conversion of Patient Fibroblasts into Neurons.","Int J Mol Sci. 2022 Feb 15; 23(4):2147","PMC8879457"
35213232,"Ultraefficient extracellular vesicle-guided direct reprogramming of fibroblasts into functional cardiomyocytes.","Sci Adv.; 8(8):eabj6621","PMC8880777"
35127713,"Generation of NKX2.5GFP Reporter Human iPSCs and Differentiation Into Functional Cardiac Fibroblasts.","Front Cell Dev Biol. 2022 Jan 21; 9:797927","PMC8815860"
35098228,"Dynamics and Pathways of Chromosome Structural Organizations during Cell Transdifferentiation.","JACS Au. 2021 Dec 9; 2(1):116-127","PMC8791059"
35027563,"OCT4-induced oligodendrocyte progenitor cells promote remyelination and ameliorate disease.","NPJ Regen Med. 2022 Jan 13; 7:4","PMC8758684"
34948246,"Generation of Induced Nephron Progenitor-like Cells from Human Urine-Derived Cells.","Int J Mol Sci. 2021 Dec 15; 22(24):13449","PMC8708572"
34943958,"Reprogramming Human Adult Fibroblasts into GABAergic Interneurons.","Cells. 2021 Dec 8; 10(12):3450","PMC8699824"
34936701,"Distinct subcellular autophagy impairments in induced neurons from patients with Huntington's disease.","Brain. 2021 Dec 22; 145(9):3035-3057","PMC9473361"
34889103,"Hippo Pathway Effector Tead1 Induces Cardiac Fibroblast to Cardiomyocyte Reprogramming.","J Am Heart Assoc. 2021 Dec 10; 10(24):e022659","PMC9075224"
34746870,"Direct conversion of adult fibroblasts into motor neurons.","STAR Protoc. 2021 Oct 23; 2(4):100917","PMC8554625"
34653405,"Direct reprogramming of human Sertoli cells into male germline stem cells with the self-renewal and differentiation potentials via overexpressing DAZL/DAZ2/BOULE genes.","Stem Cell Reports. 2021 Oct 14; 16(11):2798-2812","PMC8581058"
34540813,"Osteogenic Response to Polysaccharide Nanogel Sheets of Human Fibroblasts After Conversion Into Functional Osteoblasts by Direct Phenotypic Cell Reprogramming.","Front Bioeng Biotechnol. 2021 Sep 3; 9:713932","PMC8446423"
34502264,"Cell-Permeable Oct4 Gene Delivery Enhances Stem Cell-like Properties of Mouse Embryonic Fibroblasts.","Int J Mol Sci. 2021 Aug 28; 22(17):9357","PMC8430778"
34490268,"Restoration of Visual Function and Cortical Connectivity After Ischemic Injury Through NeuroD1-Mediated Gene Therapy.","Front Cell Dev Biol. 2021 Aug 18; 9:720078","PMC8416524"
34332145,"Direct reprogramming induces vascular regeneration post muscle ischemic injury.","Mol Ther. 2021 Oct 6; 29(10):3042-3058","PMC8531157"
34222247,"Stepwise Induction of Inner Ear Hair Cells From Mouse Embryonic Fibroblasts via Mesenchymal- to-Epithelial Transition and Formation of Otic Epithelial Cells.","Front Cell Dev Biol. 2021 Jun 17; 9:672406","PMC8248816"
34215318,"High-efficiency c-Myc-mediated induction of functional hepatoblasts from the human umbilical cord mesenchymal stem cells.","Stem Cell Res Ther. 2021 Jul 2; 12:375","PMC8254319"
34208436,"Transdifferentiation of Human Fibroblasts into Skeletal Muscle Cells: Optimization and Assembly into Engineered Tissue Constructs through Biological Ligands.","Biology (Basel). 2021 Jun 16; 10(6):539","PMC8235639"
34151292,"A protocol for transdifferentiation of human cardiac fibroblasts into endothelial cells via activation of innate immunity.","STAR Protoc. 2021 Jun 5; 2(2):100556","PMC8190482"
34136075,"Disease modifying treatment of spinal cord injury with directly reprogrammed neural precursor cells in non-human primates.","World J Stem Cells. 2021 May 26; 13(5):452-469","PMC8176843"
34113099,"Highly Efficient MicroRNA Delivery Using Functionalized Carbon Dots for Enhanced Conversion of Fibroblasts to Cardiomyocytes.","Int J Nanomedicine. 2021 Jun 1; 16:3741-3754","PMC8186278"
34088673,"Conversion of mouse embryonic fibroblasts into neural crest cells and functional corneal endothelia by defined small molecules.","Sci Adv. 2021 Jun 4; 7(23):eabg5749","PMC8177713"
34087994,"Inhibition of EZH2 primes the cardiac gene activation via removal of epigenetic repression during human direct cardiac reprogramming.","Stem Cell Res. 2021 May 27; 53:102365","PMC8238038"
33927320,"Direct conversion of porcine primary fibroblasts into hepatocyte-like cells.","Sci Rep. 2021 Apr 29; 11:9334","PMC8085017"
33854891,"Asymmetric Cell Division of Fibroblasts is An Early Deterministic Step to Generate Elite Cells during Cell Reprogramming.","Adv Sci (Weinh). 2021 Feb 25; 8(7):2003516","PMC8025021"
33841125,"Conversion of Reactive Astrocytes to Induced Neurons Enhances Neuronal Repair and Functional Recovery After Ischemic Stroke.","Front Aging Neurosci. 2021 Mar 26; 13:612856","PMC8032905"
33803331,"Direct Conversion of Human Fibroblasts into Adipocytes Using a Novel Small Molecular Compound: Implications for Regenerative Therapy for Adipose Tissue Defects.","Cells. 2021 Mar 9; 10(3):605","PMC8000077"
33770499,"One-step Reprogramming of Human Fibroblasts into Oligodendrocyte-like Cells by SOX10, OLIG2, and NKX6.2.","Stem Cell Reports. 2021 Mar 25; 16(4):771-783","PMC8072064"
33718351,"Sall4 and Myocd Empower Direct Cardiac Reprogramming From Adult Cardiac Fibroblasts After Injury.","Front Cell Dev Biol. 2021 Feb 26; 9:608367","PMC7953844"
33665626,"Protocol for generating human induced neural progenitor cells from immobilized adult peripheral blood.","STAR Protoc. 2021 Feb 17; 2(1):100346","PMC7902545"
33642376,"In vivo direct reprogramming as a therapeutic strategy for brain and retina repair.","Neural Regen Res. 2021 Feb 19; 16(10):1998-1999","PMC8343339"
33605072,"Cyclic stretching boosts microRNA-499 to regulate Bcl-2 via microRNA-208a in atrial fibroblasts.","J Cell Mol Med. 2021 Mar 18; 25(6):3113-3123","PMC7957261"
33574458,"Direct reprogramming of oligodendrocyte precursor cells into GABAergic inhibitory neurons by a single homeodomain transcription factor Dlx2.","Sci Rep. 2021 Feb 11; 11:3552","PMC7878775"
33473142,"Direct reprogramming of epithelial cell rests of malassez into mesenchymal-like cells by epigenetic agents.","Sci Rep. 2021 Jan 20; 11:1852","PMC7817677"
33452356,"A quantitative model of cellular decision making in direct neuronal reprogramming.","Sci Rep. 2021 Jan 15; 11:1514","PMC7810861"
33400690,"Direct conversion of osteosarcoma to adipocytes by targeting TNIK.","JCI Insight.; 6(3):e137245","PMC7934882"
33375083,"Direct Neuronal Reprogramming of Common Marmoset Fibroblasts by ASCL1, microRNA-9/9*, and microRNA-124 Overexpression.","Cells. 2020 Dec 22; 10(1):6","PMC7822173"
33314575,"Directly converted astrocytes retain the ageing features of the donor fibroblasts and elucidate the astrocytic contribution to human CNS health and disease.","Aging Cell. 2021 Jan 13; 20(1):e13281","PMC7811849"
33293623,"Dermal fibroblast-like cells reprogrammed directly from adipocytes in mouse.","Sci Rep. 2020 Dec 8; 10:21467","PMC7722719"
33250718,"Development of Neuroregenerative Gene Therapy to Reverse Glial Scar Tissue Back to Neuron-Enriched Tissue.","Front Cell Neurosci. 2020 Nov 5; 14:594170","PMC7674596"
33182669,"Direct Conversion of Human Stem Cell-Derived Glial Progenitor Cells into GABAergic Interneurons.","Cells. 2020 Nov 10; 9(11):2451","PMC7698048"
33129359,"Direct conversion of human fibroblasts into dopaminergic neuron-like cells using small molecules and protein factors.","Mil Med Res. 2020 Nov 1; 7:52","PMC7603706"
33096050,"Quick Commitment and Efficient Reprogramming Route of Direct Induction of Retinal Ganglion Cell-like Neurons.","Stem Cell Reports. 2020 Oct 22; 15(5):1095-1110","PMC7663790"
33093268,"Direct reprogramming of fibroblasts into diverse lineage cells by DNA demethylation followed by differentiating cultures.","Korean J Physiol Pharmacol. 2020 Nov 1; 24(6):463-472","PMC7585590"
33087715,"Direct reprogramming of human umbilical vein- and peripheral blood-derived endothelial cells into hepatic progenitor cells.","Nat Commun. 2020 Oct 21; 11:5292","PMC7578104"
33064855,"Generation of metabolically functional hepatocyte-like cells from dedifferentiated fat cells by Foxa2, Hnf4a and Sall1 transduction.","Genes Cells. 2020 Dec 10; 25(12):811-824","PMC7894465"
33037790,"Forskolin rapidly enhances neuron-like morphological change of directly induced-neuronal cells from neurofibromatosis type 1 patients.","Neuropsychopharmacol Rep. 2020 Oct 10; 40(4):396-400","PMC7722681"
32976765,"Direct Reprogramming of Human Fetal- and Stem Cell-Derived Glial Progenitor Cells into Midbrain Dopaminergic Neurons.","Stem Cell Reports. 2020 Sep 24; 15(4):869-882","PMC7562948"
32953733,"The combination of forskolin and VPA increases gene expression efficiency to the hypoxia/neuron-specific system.","Ann Transl Med. 2020 Aug; 8(15):933","PMC7475429"
32896271,"Direct reprogramming of human smooth muscle and vascular endothelial cells reveals defects associated with aging and Hutchinson-Gilford progeria syndrome.","eLife.; 9:e54383","PMC7478891"
32784741,"Neuroprotective Effects of Cryptotanshinone in a Direct Reprogramming Model of Parkinson's Disease.","Molecules. 2020 Aug 7; 25(16):3602","PMC7463464"
32602462,"Generation of inner ear hair cells by direct lineage conversion of primary somatic cells.","eLife.; 9:e55249","PMC7326493"
32586386,"Directly induced human Schwann cell precursors as a valuable source of Schwann cells.","Stem Cell Res Ther. 2020 Jun 26; 11:257","PMC7318441"
32582662,"MicroRNA-Mediated Direct Reprogramming of Human Adult Fibroblasts Toward Cardiac Phenotype.","Front Bioeng Biotechnol. 2020 Jun 5; 8:529","PMC7297084"
32571478,"Sequentially induced motor neurons from human fibroblasts facilitate locomotor recovery in a rodent spinal cord injury model.","eLife.; 9:e52069","PMC7311175"
32500803,"Enhanced Generation of Induced Cardiomyocytes Using a Small-Molecule Cocktail to Overcome Barriers to Cardiac Cellular Reprogramming.","J Am Heart Assoc. 2020 Jun 5; 9(12):e015686","PMC7429035"
32341358,"The H2B ubiquitin-protein ligase RNF40 is required for somatic cell reprogramming.","Cell Death Dis. 2020 Apr 27; 11(4):287","PMC7184622"
32276654,"Phenotype instability of hepatocyte-like cells produced by direct reprogramming of mesenchymal stromal cells.","Stem Cell Res Ther. 2020 Apr 10; 11:154","PMC7323614"
32274291,"Direct Conversion of Human Dermal Fibroblasts into Cardiomyocyte-Like Cells Using CiCMC Nanogels Coupled with Cardiac Transcription Factors and a Nucleoside Drug.","Adv Sci (Weinh). 2020 Feb 7; 7(7):1901818","PMC7141010"
32201555,"Ectopic transient overexpression of OCT-4 facilitates BMP4-induced osteogenic transdifferentiation of human umbilical vein endothelial cells.","J Tissue Eng. 2020 Mar 7; 11:2041731420909208","PMC7066588"
32123700,"Conversion of mesenchymal stem cells into a canine hepatocyte-like cells by Foxa1 and Hnf4a.","Regen Ther. 2020 Feb 20; 14:165-176","PMC7038439"
32114739,"Robust and Reproducible Generation of Induced Neural Stem Cells from Human Somatic Cells by Defined Factors.","Int J Stem Cells. 2020 Feb 29; 13(1):80-92","PMC7119206"
32111895,"A developed serum-free medium and an optimized chemical cocktail for direct conversion of human dermal fibroblasts into brown adipocytes.","Sci Rep. 2020 Feb 28; 10:3775","PMC7048747"
32084387,"High-Resolution Dissection of Chemical Reprogramming from Mouse Embryonic Fibroblasts into Fibrocartilaginous Cells.","Stem Cell Reports. 2020 Feb 20; 14(3):478-492","PMC7066361"
32071715,"Reprogrammed astrocytes display higher neurogenic competence, migration ability and cell death resistance than reprogrammed fibroblasts.","Transl Neurodegener. 2020 Feb 8; 9:6","PMC7011554"
31979018,"Isoform Specific Effects of Mef2C during Direct Cardiac Reprogramming.","Cells. 2020 Jan 22; 9(2):268","PMC7072587"
31940860,"Cytokine Directed Chondroblast Trans-Differentiation: JAK Inhibition Facilitates Direct Reprogramming of Fibroblasts to Chondroblasts.","Cells. 2020 Jan 11; 9(1):191","PMC7017373"
31849638,"Very Low Efficiency of Direct Reprogramming of Astrocytes Into Neurons in the Brains of Young and Aged Mice After Cerebral Ischemia.","Front Aging Neurosci. 2019 Dec 3; 11:334","PMC6902079"
31784643,"Glutamine/glutamate metabolism rewiring in reprogrammed human hepatocyte-like cells.","Sci Rep. 2019 Nov 29; 9:17978","PMC6884617"
31723223,"Direct Conversion of Human Urine Cells to Neurons by Small Molecules.","Sci Rep. 2019 Nov 13; 9:16707","PMC6854089"
31712992,"Direct conversion of human fibroblasts into therapeutically active vascular wall-typical mesenchymal stem cells.","Cell Mol Life Sci. 2019 Nov 11; 77(17):3401-3422","PMC7426315"
31685531,"Developmental and cellular age direct conversion of CD4+ T cells into RORγ+ or Helios+ colon Treg cells.","J Exp Med. 2019 Nov 4; 217(1):e20190428","PMC7037252"
31685034,"Direct conversion of human fibroblast to hepatocytes using a single inducible polycistronic vector.","Stem Cell Res Ther. 2019 Nov 4; 10:317","PMC6829923"
31660065,"Cardiac-mimetic cell-culture system for direct cardiac reprogramming.","Theranostics. 2019 Sep 19; 9(23):6734-6744","PMC6815967"
31637157,"Exosome-Guided Phenotypic Switch of M1 to M2 Macrophages for Cutaneous Wound Healing.","Adv Sci (Weinh). 2019 Aug 27; 6(20):1900513","PMC6794619"
31631018,"Rapid and Efficient Conversion of Human Fibroblasts into Functional Neurons by Small Molecules.","Stem Cell Reports. 2019 Oct 17; 13(5):862-876","PMC6893066"
31591186,"Yorkie and JNK revert syncytial muscles into myoblasts during Org-1-dependent lineage reprogramming.","J Cell Biol. 2019 Nov 4; 218(11):3572-3582","PMC6829659"
31554870,"Direct conversion of fibroblasts into urothelial cells that may be recruited to regenerating mucosa of injured urinary bladder.","Sci Rep. 2019 Sep 25; 9:13850","PMC6761134"
31551693,"Neurons Induced From Fibroblasts of c9ALS/FTD Patients Reproduce the Pathology Seen in the Central Nervous System.","Front Neurosci. 2019 Sep 6; 13:935","PMC6743368"
31501413,"Direct neuronal reprogramming of olfactory ensheathing cells for CNS repair.","Cell Death Dis. 2019 Sep 9; 10(9):646","PMC6733847"
31489945,"mRNA-Driven Generation of Transgene-Free Neural Stem Cells from Human Urine-Derived Cells.","Cells. 2019 Sep 6; 8(9):1043","PMC6769943"
31474031,"Direct Reprogramming to Human Induced Neuronal Progenitors from Fibroblasts of Familial and Sporadic Parkinson's Disease Patients.","Int J Stem Cells. 2019 Aug 31; 12(3):474-483","PMC6881039"
31419975,"Exosomes released from neural progenitor cells and induced neural progenitor cells regulate neurogenesis through miR-21a.","Cell Commun Signal. 2019 Aug 16; 17:96","PMC6698014"
31404112,"Oct4 and Hnf4α-induced hepatic stem cells ameliorate chronic liver injury in liver fibrosis model.","PLoS One. 2019 Aug 12; 14(8):e0221085","PMC6690533"
31358888,"In vivo direct reprogramming of glial linage to mature neurons after cerebral ischemia.","Sci Rep. 2019 Jul 29; 9:10956","PMC6662847"
31347791,"Chemotherapy-Induced Neuropathy and Drug Discovery Platform Using Human Sensory Neurons Converted Directly from Adult Peripheral Blood.","Stem Cells Transl Med. 2019 Jul 26; 8(11):1180-1191","PMC6811699"
31324753,"Efficient exogenous DNA-free reprogramming with suicide gene vectors.","Exp Mol Med. 2019 Jul 19; 51(7):82","PMC6802735"
31248447,"Generation of functional dopaminergic neurons from human spermatogonial stem cells to rescue parkinsonian phenotypes.","Stem Cell Res Ther. 2019 Jun 27; 10:195","PMC6598262"
31236114,"Pharmacological Transdifferentiation of Human Nasal Olfactory Stem Cells into Dopaminergic Neurons.","Stem Cells Int. 2019 May 19; 2019:2945435","PMC6545791"
31212628,"Inhibition of Glioma Development by ASCL1-Mediated Direct Neuronal Reprogramming.","Cells. 2019 Jun 11; 8(6):571","PMC6627512"
31196173,"Examining the fundamental biology of a novel population of directly reprogrammed human neural precursor cells.","Stem Cell Res Ther. 2019 Jun 13; 10:166","PMC6567617"
31130844,"Corrigendum: Potentials of Cellular Reprogramming as a Novel Strategy for Neuroregeneration.","Front Cell Neurosci. 2019 May 3; 13:147","PMC6510166"
31099332,"Chemical modulation of transcriptionally enriched signaling pathways to optimize the conversion of fibroblasts into neurons.","eLife.; 8:e41356","PMC6524968"
31089332,"Metastable Reprogramming State of Single Transcription Factor-Derived Induced Hepatocyte-Like Cells.","Stem Cells Int. 2019 Apr 7; 2019:6937257","PMC6476006"
31023000,"Hybrid Nanofiber Scaffold-Based Direct Conversion of Neural Precursor Cells/Dopamine Neurons.","Int J Stem Cells. 2019 Apr 30; 12(2):340-346","PMC6657951"
30962586,"Comparison of three congruent patient-specific cell types for the modelling of a human genetic Schwann-cell disorder.","Nat Biomed Eng. 2019 Jul 8; 3(7):571-582","PMC6612317"
30894517,"Direct reprogramming of epidermal cells toward sweat gland-like cells by defined factors.","Cell Death Dis. 2019 Mar 20; 10(4):272","PMC6426881"
30731320,"Generation of Genetically Stable Human Direct-Conversion-Derived Neural Stem Cells Using Quantity Control of Proto-oncogene Expression.","Mol Ther Nucleic Acids. 2018 Dec 20; 14:388-397","PMC6365637"
30713039,"Region-Restrict Astrocytes Exhibit Heterogeneous Susceptibility to Neuronal Reprogramming.","Stem Cell Reports. 2019 Jan 31; 12(2):290-304","PMC6373495"
30675392,"Direct conversion of pig fibroblasts to chondrocyte-like cells by c-Myc.","Cell Death Discov. 2019 Jan 18; 5:55","PMC6338791"
30644360,"Global DNA methylation remodeling during direct reprogramming of fibroblasts to neurons.","eLife.; 8:e40197","PMC6333439"
30635054,"The therapeutic potential of induced hepatocyte-like cells generated by direct reprogramming on hepatic fibrosis.","Stem Cell Res Ther. 2019 Jan 11; 10:21","PMC6330392"
30539819,"Plasmid-based generation of neural cells from human fibroblasts using non-integrating episomal vectors.","Neural Regen Res. 2019 Mar; 14(3):501-505","PMC6334614"
30518857,"Single-cell mapping of lineage and identity in direct reprogramming.","Nature. 2018 Dec 5; 564(7735):219-224","PMC6635140"
30512203,"Endothelial Differentiation G Protein-Coupled Receptor 5 Plays an Important Role in Induction and Maintenance of Pluripotency.","Stem Cells. 2019 Mar 7; 37(3):318-331","PMC6446721"
30450440,"Conversion of adult human fibroblasts into neural precursor cells using chemically modified mRNA.","Heliyon. 2018 Nov 8; 4(11):e00918","PMC6226601"
30410751,"Direct conversion of mouse astrocytes into neural progenitor cells and specific lineages of neurons.","Transl Neurodegener. 2018 Nov 5; 7:29","PMC6217767"
30361649,"Nanogel tectonic porous 3D scaffold for direct reprogramming fibroblasts into osteoblasts and bone regeneration.","Sci Rep. 2018 Oct 25; 8:15824","PMC6202359"
30349553,"5-Aza Exposure Improves Reprogramming Process Through Embryoid Body Formation in Human Gingival Stem Cells.","Front Genet. 2018 Oct 8; 9:419","PMC6186780"
30327781,"Nonintegrating Direct Conversion Using mRNA into Hepatocyte-Like Cells.","Biomed Res Int. 2018 Sep 20; 2018:8240567","PMC6171260"
30318292,"Phenotypic Reprogramming of Striatal Neurons into Dopaminergic Neuron-like Cells in the Adult Mouse Brain.","Stem Cell Reports. 2018 Oct 11; 11(5):1156-1170","PMC6234859"
30063705,"High-resolution transcriptional dissection of in vivo Atoh1-mediated hair cell conversion in mature cochleae identifies Isl1 as a co-reprogramming factor.","PLoS Genet. 2018 Jul 31; 14(7):e1007552","PMC6086484"
30030434,"Direct reprogramming of fibroblasts into neural stem cells by single non-neural progenitor transcription factor Ptf1a.","Nat Commun. 2018 Jul 20; 9:2865","PMC6054649"
30018471,"Generation of dopamine neuronal-like cells from induced neural precursors derived from adult human cells by non-viral expression of lineage factors.","J Stem Cells Regen Med. 2018 May 30; 14(1):34-44","PMC6043657"
29979748,"Transcription factor induced conversion of human fibroblasts towards the hair cell lineage.","PLoS One. 2018 Jul 6; 13(7):e0200210","PMC6034836"
29959867,"Hepatocyte-like cells generated by direct reprogramming from murine somatic cells can repopulate decellularized livers.","Biotechnol Bioeng. 2018 Nov 17; 115(11):2807-2816","PMC6221165"
29937717,"Direct Reprogramming of Adult Human Somatic Stem Cells Into Functional Neurons Using Sox2, Ascl1, and Neurog2.","Front Cell Neurosci. 2018 Jun 8; 12:155","PMC6003093"
29915193,"Direct pericyte-to-neuron reprogramming via unfolding of a neural stem cell-like program.","Nat Neurosci. 2018 Jul 18; 21(7):932-940","PMC6319609"
29910772,"Rosiglitazone and a β3-Adrenoceptor Agonist Are Both Required for Functional Browning of White Adipocytes in Culture.","Front Endocrinol (Lausanne). 2018 May 30; 9:249","PMC5992408"
29909688,"Single-Factor SOX2 Mediates Direct Neural Reprogramming of Human Mesenchymal Stem Cells via Transfection of In Vitro Transcribed mRNA.","Cell Transplant. 2018 Jul 18; 27(7):1154-1167","PMC6158546"
29880807,"Publisher Correction: Direct reprogramming of fibroblasts into skeletal muscle progenitor cells by transcription factors enriched in undifferentiated subpopulation of satellite cells.","Sci Rep. 2018 Jun 7; 8:8991","PMC5992142"
29855543,"Direct phenotypic conversion of human fibroblasts into functional osteoblasts triggered by a blockade of the transforming growth factor-β signal.","Sci Rep. 2018 May 31; 8:8463","PMC5981640"
29743891,"A Loss of Function Screen of Epigenetic Modifiers and Splicing Factors during Early Stage of Cardiac Reprogramming.","Stem Cells Int. 2018 Mar 18; 2018:3814747","PMC5878887"
29742392,"Direct Reprogramming of Mouse Fibroblasts into Functional Skeletal Muscle Progenitors.","Stem Cell Reports. 2018 May 8; 10(5):1505-1521","PMC5995754"
29734659,"S-phase Synchronization Facilitates the Early Progression of Induced-Cardiomyocyte Reprogramming through Enhanced Cell-Cycle Exit.","Int J Mol Sci. 2018 May 4; 19(5):1364","PMC5983785"
29695818,"Author Correction: Direct reprogramming of fibroblasts into skeletal muscle progenitor cells by transcription factors enriched in undifferentiated subpopulation of satellite cells.","Sci Rep. 2018 Apr 25; 8:6733","PMC5916930"
29606616,"Direct Conversion of Mouse Fibroblasts into Cholangiocyte Progenitor Cells.","Stem Cell Reports. 2018 Mar 29; 10(5):1522-1536","PMC5995161"
29507336,"Direct conversion of injury-site myeloid cells to fibroblast-like cells of granulation tissue.","Nat Commun. 2018 Mar 5; 9:936","PMC5838200"
29497074,"Metabolic characterization of directly reprogrammed renal tubular epithelial cells (iRECs).","Sci Rep. 2018 Mar 1; 8:3878","PMC5832874"
29492404,"Direct Reprogramming of Spiral Ganglion Non-neuronal Cells into Neurons: Toward Ameliorating Sensorineural Hearing Loss by Gene Therapy.","Front Cell Dev Biol. 2018 Feb 14; 6:16","PMC5817057"
29474672,"Leptomeninges-Derived Induced Pluripotent Stem Cells and Directly Converted Neurons From Autopsy Cases With Varying Neuropathologic Backgrounds.","J Neuropathol Exp Neurol. 2018 May 21; 77(5):353-360","PMC6018913"
29352247,"High content analysis identifies unique morphological features of reprogrammed cardiomyocytes.","Sci Rep. 2018 Jan 19; 8:1258","PMC5775342"
29317869,"Directly Converted Human Fibroblasts Mature to Neurons and Show Long-Term Survival in Adult Rodent Hippocampus.","Stem Cells Int. 2017 Nov 26; 2017:5718608","PMC5727793"
29311646,"Generation of Functional Dopaminergic Neurons from Reprogramming Fibroblasts by Nonviral-based Mesoporous Silica Nanoparticles.","Sci Rep. 2018 Jan 8; 8:11","PMC5758610"
29260008,"Functional validation and expression analysis of myotubes converted from skin fibroblasts using a simple direct reprogramming strategy.","eNeurologicalSci. 2016 Nov 3; 6:9-15","PMC5721582"
29207072,"Transcription factor TBX18 promotes adult rat bone mesenchymal stem cell differentiation to biological pacemaker cells.","Int J Mol Med. 2018 Feb 16; 41(2):845-851","PMC5752232"
29192290,"Direct conversion of human fibroblasts into hepatocyte-like cells by ATF5, PROX1, FOXA2, FOXA3, and HNF4A transduction.","Sci Rep. 2017 Nov 30; 7:16675","PMC5709502"
29185460,"Reprogramming to pluripotency does not require transition through a primitive streak-like state.","Sci Rep. 2017 Nov 29; 7:16543","PMC5707390"
29163034,"Direct Reprogramming Rather than iPSC-Based Reprogramming Maintains Aging Hallmarks in Human Motor Neurons.","Front Mol Neurosci. 2017 Nov 2; 10:359","PMC5676779"
29156730,"Generation of patient specific human neural stem cells from Niemann-Pick disease type C patient-derived fibroblasts.","Oncotarget. 2017 Aug 7; 8(49):85428-85441","PMC5689620"
29137640,"Direct reprogramming of mouse fibroblasts into neural cells via Porphyra yezoensis polysaccharide based high efficient gene co-delivery.","J Nanobiotechnology. 2017 Nov 14; 15:82","PMC5686901"
29066822,"Dysregulated gene expressions of MEX3D, FOS and BCL2 in human induced-neuronal (iN) cells from NF1 patients: a pilot study.","Sci Rep. 2017 Oct 24; 7:13905","PMC5654769"
28982760,"ZNF281 enhances cardiac reprogramming by modulating cardiac and inflammatory gene expression.","Genes Dev. 2017 Sep 1; 31(17):1770-1783","PMC5666675"
28973471,"Mechanisms of transcription factor-mediated direct reprogramming of mouse embryonic stem cells to trophoblast stem-like cells.","Nucleic Acids Res. 2017 Sep 29; 45(17):10103-10114","PMC5737334"
28962665,"Direct conversion of human fibroblasts to functional excitatory cortical neurons integrating into human neural networks.","Stem Cell Res Ther. 2017 Sep 29; 8:207","PMC5622454"
28874788,"Comprehensive transcriptome mining of the direct conversion of mesodermal cells.","Sci Rep. 2017 Sep 5; 7:10427","PMC5585404"
28844658,"Direct Reprogramming of Resident NG2 Glia into Neurons with Properties of Fast-Spiking Parvalbumin-Containing Interneurons.","Stem Cell Reports. 2017 Aug 24; 9(3):742-751","PMC5599255"
28844127,"Direct Conversion of Human Umbilical Cord Blood into Induced Neural Stem Cells with SOX2 and HMGA2.","Int J Stem Cells. 2017 Nov; 10(2):227-234","PMC5741203"
28825623,"Single-Construct Polycistronic Doxycycline-Inducible Vectors Improve Direct Cardiac Reprogramming and Can Be Used to Identify the Critical Timing of Transgene Expression.","Int J Mol Sci. 2017 Aug 19; 18(8):1805","PMC5578192"
28808339,"Direct reprogramming of fibroblasts into skeletal muscle progenitor cells by transcription factors enriched in undifferentiated subpopulation of satellite cells.","Sci Rep. 2017 Aug 14; 7:8097","PMC5556026"
28796841,"Single cell qPCR reveals that additional HAND2 and microRNA-1 facilitate the early reprogramming progress of seven-factor-induced human myocytes.","PLoS One. 2017 Aug 10; 12(8):e0183000","PMC5552090"
28655922,"Direct conversion of human fibroblasts to brown adipocytes by small chemical compounds.","Sci Rep. 2017 Jun 27; 7:4304","PMC5487346"
28646119,"REST suppression mediates neural conversion of adult human fibroblasts via microRNA-dependent and -independent pathways.","EMBO Mol Med. 2017 Aug 23; 9(8):1117-1131","PMC5538296"
28605832,"Comparison of Reprogramming Methods for Generation of Induced-Oligodendrocyte Precursor Cells.","Biomol Ther (Seoul). 2017 Jul 14; 25(4):362-366","PMC5499613"
28587331,"Directly reprogramming fibroblasts into adipogenic, neurogenic and hepatogenic differentiation lineages by defined factors.","Exp Ther Med. 2017 Jun 20; 13(6):2685-2690","PMC5450766"
28352551,"An easy method for preparation of Cre-loxP regulated fluorescent adenoviral expression vectors and its application for direct reprogramming into hepatocytes.","Biotechnol Rep (Amst). 2016 Oct 6; 12:26-32","PMC5361070"
28344997,"Simple Derivation of Spinal Motor Neurons from ESCs/iPSCs Using Sendai Virus Vectors.","Mol Ther Methods Clin Dev. 2017 Jan 10; 4:115-125","PMC5363292"
28344001,"Inducible and Deterministic Forward Programming of Human Pluripotent Stem Cells into Neurons, Skeletal Myocytes, and Oligodendrocytes.","Stem Cell Reports. 2017 Mar 23; 8(4):803-812","PMC5390118"
28327614,"Partial Reprogramming of Pluripotent Stem Cell-Derived Cardiomyocytes into Neurons.","Sci Rep. 2017 Mar 22; 7:44840","PMC5361100"
28321434,"Transient CREB-mediated transcription is key in direct neuronal reprogramming.","Neurogenesis (Austin). 2017 Feb 6; 4(1):e1285383","PMC5345748"
28295042,"Generation of non-viral, transgene-free hepatocyte like cells with piggyBac transposon.","Sci Rep. 2017 Mar 15; 7:44498","PMC5353749"
28213969,"Highly Efficient Neural Conversion of Human Pluripotent Stem Cells in Adherent and Animal-Free Conditions.","Stem Cells Transl Med. 2017 Apr 18; 6(4):1217-1226","PMC5442830"
28186702,"Direct Conversion of Human Fibroblasts into Schwann Cells that Facilitate Regeneration of Injured Peripheral Nerve In Vivo.","Stem Cells Transl Med. 2017 Apr 9; 6(4):1207-1216","PMC5442846"
28169300,"Two factor-based reprogramming of rodent and human fibroblasts into Schwann cells.","Nat Commun. 2017 Feb 7; 8:14088","PMC5309703"
28110217,"Induced dopaminergic neurons: A new promise for Parkinson's disease.","Redox Biol. 2017 Jan 16; 11:606-612","PMC5256671"
28099929,"Modeling the phenotype of spinal muscular atrophy by the direct conversion of human fibroblasts to motor neurons.","Oncotarget. 2017 Jan 13; 8(7):10945-10953","PMC5355236"
28042541,"Rational Development of A Polycistronic Plasmid with A CpG-Free Bacterial Backbone as A Potential Tool for Direct Reprogramming.","Cell J. 2017 Sep 26 Winter; 18(4):565-581","PMC5086335"
28017657,"Direct Reprogramming of Mouse Fibroblasts toward Leydig-like Cells by Defined Factors.","Stem Cell Reports. 2016 Dec 22; 8(1):39-53","PMC5233410"
27941896,"Tissue-engineered 3-dimensional (3D) microenvironment enhances the direct reprogramming of fibroblasts into cardiomyocytes by microRNAs.","Sci Rep. 2016 Dec 12; 6:38815","PMC5150639"
27940274,"Direct Conversion of Human Fibroblasts into Neural Progenitors Using Transcription Factors Enriched in Human ESC-Derived Neural Progenitors.","Stem Cell Reports. 2016 Dec 8; 8(1):54-68","PMC5233298"
27930352,"MiR-590 Promotes Transdifferentiation of Porcine and Human Fibroblasts Toward a Cardiomyocyte-Like Fate by Directly Repressing Specificity Protein 1.","J Am Heart Assoc. 2016 Nov 10; 5(11):e003922","PMC5210349"
27902735,"Role of Hepatic-Specific Transcription Factors and Polycomb Repressive Complex 2 during Induction of Fibroblasts to Hepatic Fate.","PLoS One. 2016 Nov 30; 11(11):e0167081","PMC5130264"
27857203,"Rapid and efficient CRISPR/Cas9 gene inactivation in human neurons during human pluripotent stem cell differentiation and direct reprogramming.","Sci Rep. 2016 Nov 18; 6:37540","PMC5114606"
27822179,"Plasmid-Based Generation of Induced Neural Stem Cells from Adult Human Fibroblasts.","Front Cell Neurosci. 2016 Oct 24; 10:245","PMC5075569"
27651888,"Direct reprogramming of urine-derived cells with inducible MyoD for modeling human muscle disease.","Skelet Muscle. 2016 Sep 15; 6:32","PMC5025576"
27630998,"The Function of the MEF2 Family of Transcription Factors in Cardiac Development, Cardiogenomics, and Direct Reprogramming.","J Cardiovasc Dev Dis. 2016 Aug 11; 3(3):26","PMC5019174"
27606336,"Adult neural stem cell behavior underlying constitutive and restorative neurogenesis in zebrafish.","Neurogenesis (Austin). 2016 May 2; 3(1):e1148101","PMC4973591"
27602403,"Small molecule-driven direct conversion of human pluripotent stem cells into functional osteoblasts.","Sci Adv. 2016 Aug 31; 2(8):e1600691","PMC5007071"
27569063,"Expandable and Rapidly Differentiating Human Induced Neural Stem Cell Lines for Multiple Tissue Engineering Applications.","Stem Cell Reports. 2016 Aug 25; 7(3):557-570","PMC5032182"
27488544,"Significant improvement of direct reprogramming efficacy of fibroblasts into progenitor endothelial cells by ETV2 and hypoxia.","Stem Cell Res Ther. 2016 Aug 4; 7:104","PMC4973107"
27473056,"Direct conversion of mouse embryonic fibroblasts into functional keratinocytes through transient expression of pluripotency-related genes.","Stem Cell Res Ther. 2016 Jul 29; 7:98","PMC4966867"
27460218,"Silencing of hepatic fate-conversion factors induce tumorigenesis in reprogrammed hepatic progenitor-like cells.","Stem Cell Res Ther. 2016 Jul 27; 7:96","PMC4962402"
27396343,"Small-Molecule-Based Lineage Reprogramming Creates Functional Astrocytes.","Cell Rep. 2016 Jul 19; 16(3):781-792","PMC9228989"
27387763,"Loss of tumorigenic potential upon transdifferentiation from keratinocytic into melanocytic lineage.","Sci Rep. 2016 Jul 8; 6:28891","PMC4937495"
27281220,"Dissecting direct reprogramming from fibroblast to neuron using single-cell RNA-seq.","Nature. 2016 Jun 8; 534(7607):391-395","PMC4928860"
27187823,"Reprogramming of Pancreatic Exocrine Cells AR42J Into Insulin-producing Cells Using mRNAs for Pdx1, Ngn3, and MafA Transcription Factors.","Mol Ther Nucleic Acids. 2016 May 17; 5(5):e320","PMC5014516"
27175211,"Protocol: a method to study the direct reprogramming of lateral root primordia to fertile shoots.","Plant Methods. 2016 May 12; 12:27","PMC4865056"
27170256,"In vitro transdifferentiation of human peripheral blood mononuclear cells to photoreceptor-like cells.","Biol Open. 2016 May 11; 5(6):709-719","PMC4920181"
27148066,"A ""Hit and Run"" Approach to Inducible Direct Reprogramming of Astrocytes to Neural Stem Cells.","Front Physiol. 2016 Apr 12; 7:127","PMC4828628"
27112843,"Human somatic cells subjected to genetic induction with six germ line-related factors display meiotic germ cell-like features.","Sci Rep. 2016 Apr 26; 6:24956","PMC4844986"
27110916,"Sequential regulatory loops as key gatekeepers for neuronal reprogramming in human cells.","Nat Neurosci. 2016 Jun 25; 19(6):807-815","PMC4882254"
27110487,"White-to-brite conversion in human adipocytes promotes metabolic reprogramming towards fatty acid anabolic and catabolic pathways.","Mol Metab. 2016 Mar 18; 5(5):352-365","PMC4837301"
27081470,"Therapeutic transdifferentiation of human fibroblasts into endothelial cells using forced expression of lineage-specific transcription factors.","J Tissue Eng. 2016 Feb 1; 7:2041731416628329","PMC4820020"
27077806,"Cardiac mesenchymal progenitors differentiate into adipocytes via Klf4 and c-Myc.","Cell Death Dis. 2016 Apr 14; 7(4):e2190","PMC4855651"
27052315,"Conversion of Human Fibroblasts to Stably Self-Renewing Neural Stem Cells with a Single Zinc-Finger Transcription Factor.","Stem Cell Reports. 2016 Mar 24; 6(4):539-551","PMC4834053"
27019637,"Direct Reprogramming of Human Amniotic Fluid Stem Cells by OCT4 and Application in Repairing of Cerebral Ischemia Damage.","Int J Biol Sci. 2016 Mar 11; 12(5):558-568","PMC4807416"
26981072,"Direct reprogramming of somatic cells into neural stem cells or neurons for neurological disorders.","Neural Regen Res. 2016 Jan; 11(1):28-31","PMC4774217"
26975336,"Selenium Augments microRNA Directed Reprogramming of Fibroblasts to Cardiomyocytes via Nanog.","Sci Rep. 2016 Mar 15; 6:23017","PMC4792153"
26873953,"Gene array analysis of neural crest cells identifies transcription factors necessary for direct conversion of embryonic fibroblasts into neural crest cells.","Biol Open. 2016 Feb 12; 5(3):311-322","PMC4810742"
26830441,"Therapeutically engineered induced neural stem cells are tumour-homing and inhibit progression of glioblastoma.","Nat Commun. 2016 Feb 2; 7:10593","PMC4740908"
26788068,"Direct Reprogramming of Mouse Fibroblasts to Neural Stem Cells by Small Molecules.","Stem Cells Int. 2016 Dec 16; 2016:4304916","PMC4695670"
26719791,"Reprogramming somatic cells to cells with neuronal characteristics by defined medium both in vitro and in vivo.","Cell Regen. 2015 Dec 30; 4:12","PMC4696146"
26681949,"Cardiac Niche Influences the Direct Reprogramming of Canine Fibroblasts into Cardiomyocyte-Like Cells.","Stem Cells Int. 2016 Nov 23; 2016:4969430","PMC4670879"
26659182,"The histone chaperone CAF-1 safeguards somatic cell identity.","Nature. 2015 Dec 10; 528(7581):218-224","PMC4866648"
26639555,"Cell cycle and p53 gate the direct conversion of human fibroblasts to dopaminergic neurons.","Nat Commun. 2015 Dec 7; 6:10100","PMC4672381"
26634071,"FGF8 is Essential for Functionality of Induced Neural Precursor Cell-derived Dopaminergic Neurons.","Int J Stem Cells. 2015 Nov; 8(2):228-234","PMC4651287"
26535892,"SOX2 and SOX2-MYC Reprogramming Process of Fibroblasts to the Neural Stem Cells Compromised by Senescence.","PLoS One. 2015 Nov 4; 10(11):e0141688","PMC4633175"
26503743,"Generation of integration-free induced hepatocyte-like cells from mouse fibroblasts.","Sci Rep. 2015 Oct 27; 5:15706","PMC4621602"
26354680,"High-efficiency reprogramming of fibroblasts into cardiomyocytes requires suppression of pro-fibrotic signalling.","Nat Commun. 2015 Sep 10; 6:8243","PMC4579788"
26306155,"Lower Oncogenic Potential of Human Mesenchymal Stem Cells Derived from Cord Blood Compared to Induced Pluripotent Stem Cells.","Int J Organ Transplant Med. 2015 Aug 1; 6(3):99-104","PMC4545303"
26302234,"Enhanced efficiency of genetic programming toward cardiomyocyte creation through topographical cues.","Biomaterials. 2015 Nov; 70:94-104","PMC4823279"
26292833,"Direct reprogramming of mouse fibroblasts into cardiomyocytes with chemical cocktails.","Cell Res. 2015 Sep 21; 25(9):1013-1024","PMC4559819"
26224135,"Selective Generation of Dopaminergic Precursors from Mouse Fibroblasts by Direct Lineage Conversion.","Sci Rep. 2015 Jul 30; 5:12622","PMC4519786"
26216300,"Direct conversion of human fibroblasts to induced serotonergic neurons.","Mol Psychiatry. 2016 Jan 28; 21(1):62-70","PMC4518549"
26060345,"Highly efficient direct conversion of human fibroblasts to neuronal cells by chemical compounds.","J Clin Biochem Nutr. 2015 May 1; 56(3):166-170","PMC4454078"
26030913,"MicroRNA-Mediated In Vitro and In Vivo Direct Conversion of Astrocytes to Neuroblasts.","PLoS One. 2015 Jun 1; 10(6):e0127878","PMC4451260"
25949812,"Direct reprogramming of induced neural progenitors: a new promising strategy for AD treatment.","Transl Neurodegener. 2015 Apr 18; 4:7","PMC4422611"
25919922,"Direct conversion of human myoblasts into brown-like adipocytes by engineered super-active PPARγ.","Obesity (Silver Spring). 2015 May; 23(5):1014-1021","PMC4413469"
25890371,"Predicting involvement of polycomb repressive complex 2 in direct conversion of mouse fibroblasts into induced neural stem cells.","Stem Cell Res Ther. 2015 Mar 21; 6(1):42","PMC4397673"
25870845,"Brief azacytidine step allows the conversion of suspension human fibroblasts into neural progenitor-like cells.","Cell J. 2015 Apr 8 Spring; 17(1):153-158","PMC4393664"
25834424,"Peptide-enhanced mRNA transfection in cultured mouse cardiac fibroblasts and direct reprogramming towards cardiomyocyte-like cells.","Int J Nanomedicine. 2015 Mar 6; 10:1841-1854","PMC4358644"
25754206,"Direct reprogramming of human bone marrow stromal cells into functional renal cells using cell-free extracts.","Stem Cell Reports. 2015 Mar 5; 4(4):685-698","PMC4400646"
25556566,"Direct conversion of fibroblasts into functional astrocytes by defined transcription factors.","Stem Cell Reports. 2014 Dec 31; 4(1):25-36","PMC4297873"
25510211,"Direct conversion of mouse and human fibroblasts to functional melanocytes by defined factors.","Nat Commun. 2014 Dec 16; 5:5807","PMC4335710"
25494287,"Enhanced MyoD-induced transdifferentiation to a myogenic lineage by fusion to a potent transactivation domain.","ACS Synth Biol. 2015 Jun 19; 4(6):689-699","PMC4475448"
25333522,"Non-genetic direct reprogramming and biomimetic platforms in a preliminary study for adipose-derived stem cells into corneal endothelia-like cells.","PLoS One. 2014 Oct 15; 9(10):e109856","PMC4198143"
25309947,"Embedding the Future of Regenerative Medicine into the Open Epigenomic Landscape of Pluripotent Human Embryonic Stem Cells.","Annu Res Rev Biol. 2013 Oct-Dec; 3(4):323-349","PMC4190676"
25275533,"Direct reprogramming of Huntington's disease patient fibroblasts into neuron-like cells leads to abnormal neurite outgrowth, increased cell death, and aggregate formation.","PLoS One. 2014 Oct 2; 9(10):e109621","PMC4183653"
25254342,"Generation of induced neuronal cells by the single reprogramming factor ASCL1.","Stem Cell Reports. 2014 Jul 4; 3(2):282-296","PMC4176533"
25238487,"PIWI proteins are dispensable for mouse somatic development and reprogramming of fibroblasts into pluripotent stem cells.","PLoS One. 2014 Sep 19; 9(9):e97821","PMC4169525"
24963715,"Direct reprogramming of human fibroblasts to hepatocyte-like cells by synthetic modified mRNAs.","PLoS One. 2014 Jun 25; 9(6):e100134","PMC4070971"
24926434,"Constraining the Pluripotent Fate of Human Embryonic Stem Cells for Tissue Engineering and Cell Therapy - The Turning Point of Cell-Based Regenerative Medicine.","Br Biotechnol J. 2013 Oct 1; 3(4):424-457","PMC4051304"
24694048,"Reprogramming non-human primate somatic cells into functional neuronal cells by defined factors.","Mol Brain. 2014 Apr 3; 7:24","PMC4021617"
24586958,"Inhibition of TGFβ signaling increases direct conversion of fibroblasts to induced cardiomyocytes.","PLoS One. 2014 Feb 26; 9(2):e89678","PMC3935923"
24474194,"Direct conversion of human fibroblasts into retinal pigment epithelium-like cells by defined factors.","Protein Cell. 2014 Jan 29; 5(1):48-58","PMC3938849"
29805851,"Reversibility of cellular aging by reprogramming through an embryonic-like state: a new paradigm for human cell rejuvenation.","Cent Asian J Glob Health. 2014 Jan 24; 2(Suppl):88","PMC5960911"
24319660,"Direct reprogramming of human fibroblasts toward a cardiomyocyte-like state.","Stem Cell Reports. 2013 Aug 22; 1(3):235-247","PMC3849259"
24232094,"A set of microRNAs mediate direct conversion of human umbilical cord lining-derived mesenchymal stem cells into hepatocytes.","Cell Death Dis. 2013 Nov 14; 4(11):e918","PMC3847311"
24098810,"Efficient production of retroviruses using PLGA/bPEI-DNA nanoparticles and application for reprogramming somatic cells.","PLoS One. 2013 Sep 30; 8(9):e76875","PMC3786964"
23974433,"Environmental impact on direct neuronal reprogramming in vivo in the adult brain.","Nat Commun. 2013; 4:2373","PMC3786770"
23584611,"Transcription factor-mediated reprogramming of fibroblasts to expandable, myelinogenic oligodendrocyte progenitor cells.","Nat Biotechnol. 2013 May 14; 31(5):426-433","PMC3678540"
23344148,"Nonviral direct conversion of primary mouse embryonic fibroblasts to neuronal cells.","Mol Ther Nucleic Acids. 2012 Jul 10; 1(7):e32","PMC3411320"
23326632,"RETRACTION: A therapeutic method for the direct reprogramming of human liver cancer cells with only chemicals.","Sci Rep. 2012 Nov 9; 2:839","PMC3541644"
23102146,"HIRA dependent H3.3 deposition is required for transcriptional reprogramming following nuclear transfer to Xenopus oocytes.","Epigenetics Chromatin. 2012 Oct 29; 5:17","PMC3538669"
22912920,"Reversal of aberrant cancer methylome and transcriptome upon direct reprogramming of lung cancer cells.","Sci Rep. 2012 Aug 21; 2:592","PMC3423637"
22833560,"Placenta to cartilage: direct conversion of human placenta to chondrocytes with transformation by defined factors.","Mol Biol Cell. 2012 Sep 15; 23(18):3511-3521","PMC3442400"
22715383,"Calcium dependent CAMTA1 in adult stem cell commitment to a myocardial lineage.","PLoS One. 2012 Jun 8; 7(6):e38454","PMC3371086"
22708059,"Molecular mechanisms of induced pluripotency.","Acta Naturae. 2012 Jan-Mar; 4(1):12-22","PMC3372987"
24693194,"Non-Viral Generation of Neural Precursor-like Cells from Adult Human Fibroblasts.","J Stem Cells Regen Med. 2012 Nov 26; 8(3):162-170","PMC3908292"
22174877,"Efficient conversion of astrocytes to functional midbrain dopaminergic neurons using a single polycistronic vector.","PLoS One. 2011 Dec 9; 6(12):e28719","PMC3235158"
22105488,"Direct reprogramming of human fibroblasts into dopaminergic neuron-like cells.","Cell Res. 2012 Feb 22; 22(2):321-332","PMC3271588"
22046312,"Efficient generation of fully reprogrammed human iPS cells via polycistronic retroviral vector and a new cocktail of chemical compounds.","PLoS One. 2011 Oct 26; 6(10):e26592","PMC3202534"
21977043,"Hepatic differentiation of murine disease-specific induced pluripotent stem cells allows disease modelling in vitro.","Stem Cells Int. 2011 Sep 29; 2011:924782","PMC3184399"
21533226,"Reprogramming of embryonic human fibroblasts into fetal hematopoietic progenitors by fusion with human fetal liver CD34+ cells.","PLoS One. 2011 Apr 14; 6(4):e18265","PMC3077375"
20948840,"Reconstructing blood from induced pluripotent stem cells.","F1000 Med Rep. 2010 Jun 16; 2:44","PMC2950048"
20352099,"Direct reprogramming of rat neural precursor cells and fibroblasts into pluripotent stem cells.","PLoS One. 2010 Mar 24; 5(3):e9838","PMC2844422"
20107439,"Direct conversion of fibroblasts to functional neurons by defined factors.","Nature. 2010 Feb 25; 463(7284):1035-1041","PMC2829121"
19898493,"Direct cell reprogramming is a stochastic process amenable to acceleration.","Nature. 2009 Dec 3; 462(7273):595-601","PMC2789972"
19578358,"miR-145 and miR-143 regulate smooth muscle cell fate and plasticity.","Nature. 2009 Aug 6; 460(7256):705-710","PMC2769203"
19252477,"Virus-free induction of pluripotency and subsequent excision of reprogramming factors.","Nature. 2009 Apr 9; 458(7239):771-775","PMC2667910"
14581455,"Nodal-dependent Cripto signaling promotes cardiomyogenesis and redirects the neural fate of embryonic stem cells.","J Cell Biol. 2003 Oct 27; 163(2):303-314","PMC2173524"
